https://dropbox.com,<meta content="IE=edge, chrome=1" http-equiv="X-UA-Compatible">,<meta content="text/html; charset=UTF-8" http-equiv="content-type">,<meta content="width=device-width, user-scalable=no" name="viewport">,<meta content="Dropbox keeps your files safe, synced, and easy to share. Bring your photos, docs, and videos anywhere and never lose a file again." name="description">,<meta content="online storage, free storage, file sharing, share files, awesome, cloud storage, online backup, cross platform, sync, sharing, mac, windows, os x, linux, backup, collaboration, file versioning, file revisions, remote access, undelete" name="keywords">,<meta content="https://www.dropbox.com/" property="og:url">,<meta content="Dropbox" property="og:site_name">,<meta content="website" property="og:type">,<meta content="Dropbox keeps your files safe, synced, and easy to share. Bring your photos, docs, and videos anywhere and never lose a file again." property="og:description">,<meta content="Dropbox" property="og:title">,<meta content="210019893730" property="fb:app_id">,<meta content="https://cf.dropboxstatic.com/static/images/brand/glyph@2x-vflJ1vxbq.png" property="og:image">,<meta content="summary" name="twitter:card">,<meta content="@Dropbox" name="twitter:site">,<meta content="https://www.dropbox.com/" name="twitter:url">,<meta content="Dropbox" name="twitter:title">,<meta content="Dropbox keeps your files safe, synced, and easy to share. Bring your photos, docs, and videos anywhere and never lose a file again." name="twitter:description">,<meta content="https://cf.dropboxstatic.com/static/images/brand/glyph@2x-vflJ1vxbq.png" name="twitter:image">,<meta content="TnuSyOnBMNmtugbpL1ZvW2PbSF9LKvoTzrvOGS9h-b0" name="google-site-verification">,<meta content="EZKIczQcM1-DVUMz8heu1dIhNtxNbLqbaA9-HbOnCQ4" name="google-site-verification">,<meta content="tz8iotmk-pkhui406y41y5bfmfxdwmaa4a-yc0hm6r0fga7s6j0j27qmgqkmc7oovihzghbzhbdjk-uiyrz438nxsjdbj3fggwgl8oq2nf4ko8gi7j4z7t78kegbidl4" name="norton-safeweb-site-verification">,<meta content="https://cf.dropboxstatic.com/static/images/win8_web_tile-vfl8eyKFU.png" name="msapplication-TileImage">,<meta content="#ffffff" name="msapplication-TileColor">
https://www.dropbox.com/#,<meta content="IE=edge, chrome=1" http-equiv="X-UA-Compatible">,<meta content="text/html; charset=UTF-8" http-equiv="content-type">,<meta content="width=device-width, user-scalable=no" name="viewport">,<meta content="Dropbox keeps your files safe, synced, and easy to share. Bring your photos, docs, and videos anywhere and never lose a file again." name="description">,<meta content="online storage, free storage, file sharing, share files, awesome, cloud storage, online backup, cross platform, sync, sharing, mac, windows, os x, linux, backup, collaboration, file versioning, file revisions, remote access, undelete" name="keywords">,<meta content="https://www.dropbox.com/" property="og:url">,<meta content="Dropbox" property="og:site_name">,<meta content="website" property="og:type">,<meta content="Dropbox keeps your files safe, synced, and easy to share. Bring your photos, docs, and videos anywhere and never lose a file again." property="og:description">,<meta content="Dropbox" property="og:title">,<meta content="210019893730" property="fb:app_id">,<meta content="https://cf.dropboxstatic.com/static/images/brand/glyph@2x-vflJ1vxbq.png" property="og:image">,<meta content="summary" name="twitter:card">,<meta content="@Dropbox" name="twitter:site">,<meta content="https://www.dropbox.com/" name="twitter:url">,<meta content="Dropbox" name="twitter:title">,<meta content="Dropbox keeps your files safe, synced, and easy to share. Bring your photos, docs, and videos anywhere and never lose a file again." name="twitter:description">,<meta content="https://cf.dropboxstatic.com/static/images/brand/glyph@2x-vflJ1vxbq.png" name="twitter:image">,<meta content="TnuSyOnBMNmtugbpL1ZvW2PbSF9LKvoTzrvOGS9h-b0" name="google-site-verification">,<meta content="EZKIczQcM1-DVUMz8heu1dIhNtxNbLqbaA9-HbOnCQ4" name="google-site-verification">,<meta content="tz8iotmk-pkhui406y41y5bfmfxdwmaa4a-yc0hm6r0fga7s6j0j27qmgqkmc7oovihzghbzhbdjk-uiyrz438nxsjdbj3fggwgl8oq2nf4ko8gi7j4z7t78kegbidl4" name="norton-safeweb-site-verification">,<meta content="https://cf.dropboxstatic.com/static/images/win8_web_tile-vfl8eyKFU.png" name="msapplication-TileImage">,<meta content="#ffffff" name="msapplication-TileColor">
https://www.dropbox.com/forgot,<meta content="IE=edge, chrome=1" http-equiv="X-UA-Compatible">,<meta content="origin-when-crossorigin" name="referrer">,<meta content="noindex, nofollow, noimageindex" name="robots">,<meta content="text/html; charset=UTF-8" http-equiv="content-type">,<meta content="Dropbox is a free service that lets you bring your photos, docs, and videos anywhere and share them easily. Never email yourself a file again!" name="description">,<meta content="online storage, free storage, file sharing, share files, awesome, cloud storage, online backup, cross platform, sync, sharing, mac, windows, os x, linux, backup, collaboration, file versioning, file revisions, remote access, undelete" name="keywords">,<meta content="https://www.dropbox.com/forgot" property="og:url">,<meta content="Dropbox" property="og:site_name">,<meta content="website" property="og:type">,<meta content="Dropbox is a free service that lets you bring your photos, docs, and videos anywhere and share them easily. Never email yourself a file again!" property="og:description">,<meta content="Dropbox - Forgot password" property="og:title">,<meta content="210019893730" property="fb:app_id">,<meta content="https://cf.dropboxstatic.com/static/images/brand/glyph@2x-vflJ1vxbq.png" property="og:image">,<meta content="summary" name="twitter:card">,<meta content="@Dropbox" name="twitter:site">,<meta content="https://www.dropbox.com/forgot" name="twitter:url">,<meta content="Dropbox - Forgot password" name="twitter:title">,<meta content="Dropbox is a free service that lets you bring your photos, docs, and videos anywhere and share them easily. Never email yourself a file again!" name="twitter:description">,<meta content="https://cf.dropboxstatic.com/static/images/brand/twitter-card-glyph@2x-vflVqhKLO.png" name="twitter:image">,<meta content="TnuSyOnBMNmtugbpL1ZvW2PbSF9LKvoTzrvOGS9h-b0" name="google-site-verification">,<meta content="EZKIczQcM1-DVUMz8heu1dIhNtxNbLqbaA9-HbOnCQ4" name="google-site-verification">,<meta content="tz8iotmk-pkhui406y41y5bfmfxdwmaa4a-yc0hm6r0fga7s6j0j27qmgqkmc7oovihzghbzhbdjk-uiyrz438nxsjdbj3fggwgl8oq2nf4ko8gi7j4z7t78kegbidl4" name="norton-safeweb-site-verification">,<meta content="https://cf.dropboxstatic.com/static/images/win8_web_tile-vfl8eyKFU.png" name="msapplication-TileImage">,<meta content="#ffffff" name="msapplication-TileColor">
https://www.dropbox.com/,<meta content="IE=edge, chrome=1" http-equiv="X-UA-Compatible">,<meta content="text/html; charset=UTF-8" http-equiv="content-type">,<meta content="width=device-width, user-scalable=no" name="viewport">,<meta content="Dropbox keeps your files safe, synced, and easy to share. Bring your photos, docs, and videos anywhere and never lose a file again." name="description">,<meta content="online storage, free storage, file sharing, share files, awesome, cloud storage, online backup, cross platform, sync, sharing, mac, windows, os x, linux, backup, collaboration, file versioning, file revisions, remote access, undelete" name="keywords">,<meta content="https://www.dropbox.com/" property="og:url">,<meta content="Dropbox" property="og:site_name">,<meta content="website" property="og:type">,<meta content="Dropbox keeps your files safe, synced, and easy to share. Bring your photos, docs, and videos anywhere and never lose a file again." property="og:description">,<meta content="Dropbox" property="og:title">,<meta content="210019893730" property="fb:app_id">,<meta content="https://cf.dropboxstatic.com/static/images/brand/glyph@2x-vflJ1vxbq.png" property="og:image">,<meta content="summary" name="twitter:card">,<meta content="@Dropbox" name="twitter:site">,<meta content="https://www.dropbox.com/" name="twitter:url">,<meta content="Dropbox" name="twitter:title">,<meta content="Dropbox keeps your files safe, synced, and easy to share. Bring your photos, docs, and videos anywhere and never lose a file again." name="twitter:description">,<meta content="https://cf.dropboxstatic.com/static/images/brand/glyph@2x-vflJ1vxbq.png" name="twitter:image">,<meta content="TnuSyOnBMNmtugbpL1ZvW2PbSF9LKvoTzrvOGS9h-b0" name="google-site-verification">,<meta content="EZKIczQcM1-DVUMz8heu1dIhNtxNbLqbaA9-HbOnCQ4" name="google-site-verification">,<meta content="tz8iotmk-pkhui406y41y5bfmfxdwmaa4a-yc0hm6r0fga7s6j0j27qmgqkmc7oovihzghbzhbdjk-uiyrz438nxsjdbj3fggwgl8oq2nf4ko8gi7j4z7t78kegbidl4" name="norton-safeweb-site-verification">,<meta content="https://cf.dropboxstatic.com/static/images/win8_web_tile-vfl8eyKFU.png" name="msapplication-TileImage">,<meta content="#ffffff" name="msapplication-TileColor">
https://www.dropbox.com/lost_phone,<meta content="IE=edge, chrome=1" http-equiv="X-UA-Compatible">,<meta content="text/html; charset=UTF-8" http-equiv="content-type">,<meta content="Dropbox keeps your files safe, synced, and easy to share. Bring your photos, docs, and videos anywhere and never lose a file again." name="description">,<meta content="online storage, free storage, file sharing, share files, awesome, cloud storage, online backup, cross platform, sync, sharing, mac, windows, os x, linux, backup, collaboration, file versioning, file revisions, remote access, undelete" name="keywords">,<meta content="https://www.dropbox.com/login" property="og:url">,<meta content="Dropbox" property="og:site_name">,<meta content="website" property="og:type">,<meta content="Dropbox keeps your files safe, synced, and easy to share. Bring your photos, docs, and videos anywhere and never lose a file again." property="og:description">,<meta content="Dropbox - Sign in" property="og:title">,<meta content="210019893730" property="fb:app_id">,<meta content="https://cf.dropboxstatic.com/static/images/brand/glyph@2x-vflJ1vxbq.png" property="og:image">,<meta content="summary" name="twitter:card">,<meta content="@Dropbox" name="twitter:site">,<meta content="https://www.dropbox.com/login" name="twitter:url">,<meta content="Dropbox - Sign in" name="twitter:title">,<meta content="Dropbox keeps your files safe, synced, and easy to share. Bring your photos, docs, and videos anywhere and never lose a file again." name="twitter:description">,<meta content="https://cf.dropboxstatic.com/static/images/brand/twitter-card-glyph@2x-vflVqhKLO.png" name="twitter:image">,<meta content="TnuSyOnBMNmtugbpL1ZvW2PbSF9LKvoTzrvOGS9h-b0" name="google-site-verification">,<meta content="EZKIczQcM1-DVUMz8heu1dIhNtxNbLqbaA9-HbOnCQ4" name="google-site-verification">,<meta content="tz8iotmk-pkhui406y41y5bfmfxdwmaa4a-yc0hm6r0fga7s6j0j27qmgqkmc7oovihzghbzhbdjk-uiyrz438nxsjdbj3fggwgl8oq2nf4ko8gi7j4z7t78kegbidl4" name="norton-safeweb-site-verification">,<meta content="https://cf.dropboxstatic.com/static/images/win8_web_tile-vfl8eyKFU.png" name="msapplication-TileImage">,<meta content="#ffffff" name="msapplication-TileColor">
https://www.dropbox.com/terms,<meta content="IE=edge, chrome=1" http-equiv="X-UA-Compatible">,<meta content="text/html; charset=UTF-8" http-equiv="content-type">,<meta content="Terms of Service - Business Agreement - Privacy Policy - DMCA - Pricing Terms - Security Overview - Acceptable Use" name="description">,<meta content="online storage, free storage, file sharing, share files, awesome, cloud storage, online backup, cross platform, sync, sharing, mac, windows, os x, linux, backup, collaboration, file versioning, file revisions, remote access, undelete" name="keywords">,<meta content="https://www.dropbox.com/terms" property="og:url">,<meta content="Dropbox" property="og:site_name">,<meta content="website" property="og:type">,<meta content="Terms of Service - Business Agreement - Privacy Policy - DMCA - Pricing Terms - Security Overview - Acceptable Use" property="og:description">,<meta content="Dropbox - Terms" property="og:title">,<meta content="210019893730" property="fb:app_id">,<meta content="https://cf.dropboxstatic.com/static/images/brand/glyph@2x-vflJ1vxbq.png" property="og:image">,<meta content="summary" name="twitter:card">,<meta content="@Dropbox" name="twitter:site">,<meta content="https://www.dropbox.com/terms" name="twitter:url">,<meta content="Dropbox - Terms" name="twitter:title">,<meta content="Terms of Service - Business Agreement - Privacy Policy - DMCA - Pricing Terms - Security Overview - Acceptable Use" name="twitter:description">,<meta content="https://cf.dropboxstatic.com/static/images/brand/twitter-card-glyph@2x-vflVqhKLO.png" name="twitter:image">,<meta content="TnuSyOnBMNmtugbpL1ZvW2PbSF9LKvoTzrvOGS9h-b0" name="google-site-verification">,<meta content="EZKIczQcM1-DVUMz8heu1dIhNtxNbLqbaA9-HbOnCQ4" name="google-site-verification">,<meta content="tz8iotmk-pkhui406y41y5bfmfxdwmaa4a-yc0hm6r0fga7s6j0j27qmgqkmc7oovihzghbzhbdjk-uiyrz438nxsjdbj3fggwgl8oq2nf4ko8gi7j4z7t78kegbidl4" name="norton-safeweb-site-verification">,<meta content="https://cf.dropboxstatic.com/static/images/win8_web_tile-vfl8eyKFU.png" name="msapplication-TileImage">,<meta content="#ffffff" name="msapplication-TileColor">
https://www.dropbox.com/business,<meta content="IE=edge, chrome=1" http-equiv="X-UA-Compatible">,<meta content="text/html; charset=utf-8" http-equiv="Content-type">,<meta content="width=device-width,maximum-scale=1.0,initial-scale=1.0,user-scalable=no,minimum-scale=1.0" name="viewport">,<meta content="Store, sync, and share files securely with Dropbox Business, a cloud storage solution loved by employees and trusted by IT teams." name="description">,<meta content="online storage, free storage, file sharing, share files, awesome, cloud storage, online backup, cross platform, sync, sharing, mac, windows, os x, linux, backup, collaboration, file versioning, file revisions, remote access, undelete" name="keywords">,<meta content="Secure file sharing and cloud storage | Dropbox Business" property="og:title">,<meta content="Store, sync, and share files securely with Dropbox Business, a cloud storage solution loved by employees and trusted by IT teams." property="og:description">,<meta content="https://cf.dropboxstatic.com/static/images/brand/glyph@2x-vflJ1vxbq.png" property="og:image">,<meta content="https://www.dropbox.com/business" property="og:url">,<meta content="website" property="og:type">,<meta content="Dropbox" property="og:site_name">,<meta content="210019893730" property="fb:app_id">,<meta content="summary" name="twitter:card">,<meta content="@Dropbox" name="twitter:site">,<meta content="https://www.dropbox.com/business" name="twitter:url">,<meta content="Secure file sharing and cloud storage | Dropbox Business" name="twitter:title">,<meta content="Store, sync, and share files securely with Dropbox Business, a cloud storage solution loved by employees and trusted by IT teams." name="twitter:description">,<meta content="https://cf.dropboxstatic.com/static/images/brand/glyph@2x-vflJ1vxbq.png" name="twitter:image">,<meta content="TnuSyOnBMNmtugbpL1ZvW2PbSF9LKvoTzrvOGS9h-b0" name="google-site-verification">,<meta content="EZKIczQcM1-DVUMz8heu1dIhNtxNbLqbaA9-HbOnCQ4" name="google-site-verification">,<meta content="tz8iotmk-pkhui406y41y5bfmfxdwmaa4a-yc0hm6r0fga7s6j0j27qmgqkmc7oovihzghbzhbdjk-uiyrz438nxsjdbj3fggwgl8oq2nf4ko8gi7j4z7t78kegbidl4" name="norton-safeweb-site-verification">
https://www.dropbox.com/downloading?src=index,<meta content="IE=edge, chrome=1" http-equiv="X-UA-Compatible">,<meta content="text/html; charset=UTF-8" http-equiv="content-type">,<meta content="Downloading Dropbox... Your Dropbox download should automatically start within seconds. ... Once the download finishes, click Run to start installing Dropbox." name="description">,<meta content="online storage, free storage, file sharing, share files, awesome, cloud storage, online backup, cross platform, sync, sharing, mac, windows, os x, linux, backup, collaboration, file versioning, file revisions, remote access, undelete" name="keywords">,<meta content="https://www.dropbox.com/downloading?src=index" property="og:url">,<meta content="Dropbox" property="og:site_name">,<meta content="website" property="og:type">,<meta content="Downloading Dropbox... Your Dropbox download should automatically start within seconds. ... Once the download finishes, click Run to start installing Dropbox." property="og:description">,<meta content="Download Dropbox for Windows" property="og:title">,<meta content="210019893730" property="fb:app_id">,<meta content="https://cf.dropboxstatic.com/static/images/brand/glyph@2x-vflJ1vxbq.png" property="og:image">,<meta content="summary" name="twitter:card">,<meta content="@Dropbox" name="twitter:site">,<meta content="https://www.dropbox.com/downloading?src=index" name="twitter:url">,<meta content="Download Dropbox for Windows" name="twitter:title">,<meta content="Downloading Dropbox... Your Dropbox download should automatically start within seconds. ... Once the download finishes, click Run to start installing Dropbox." name="twitter:description">,<meta content="https://cf.dropboxstatic.com/static/images/brand/twitter-card-glyph@2x-vflVqhKLO.png" name="twitter:image">,<meta content="TnuSyOnBMNmtugbpL1ZvW2PbSF9LKvoTzrvOGS9h-b0" name="google-site-verification">,<meta content="EZKIczQcM1-DVUMz8heu1dIhNtxNbLqbaA9-HbOnCQ4" name="google-site-verification">,<meta content="tz8iotmk-pkhui406y41y5bfmfxdwmaa4a-yc0hm6r0fga7s6j0j27qmgqkmc7oovihzghbzhbdjk-uiyrz438nxsjdbj3fggwgl8oq2nf4ko8gi7j4z7t78kegbidl4" name="norton-safeweb-site-verification">,<meta content="https://cf.dropboxstatic.com/static/images/win8_web_tile-vfl8eyKFU.png" name="msapplication-TileImage">,<meta content="#ffffff" name="msapplication-TileColor">
https://www.dropbox.com/register,<meta content="IE=edge, chrome=1" http-equiv="X-UA-Compatible">,<meta content="text/html; charset=UTF-8" http-equiv="content-type">,<meta content="Download Dropbox for free. Join the 400 million users and 4 million businesses who already love Dropbox's file backup, sync, and sharing solution" name="description">,<meta content="online storage, free storage, file sharing, share files, awesome, cloud storage, online backup, cross platform, sync, sharing, mac, windows, os x, linux, backup, collaboration, file versioning, file revisions, remote access, undelete" name="keywords">,<meta content="https://www.dropbox.com/register" property="og:url">,<meta content="Dropbox" property="og:site_name">,<meta content="website" property="og:type">,<meta content="Download Dropbox for free. Join the 400 million users and 4 million businesses who already love Dropbox's file backup, sync, and sharing solution" property="og:description">,<meta content="Dropbox - Sign in" property="og:title">,<meta content="210019893730" property="fb:app_id">,<meta content="https://cf.dropboxstatic.com/static/images/brand/glyph@2x-vflJ1vxbq.png" property="og:image">,<meta content="summary" name="twitter:card">,<meta content="@Dropbox" name="twitter:site">,<meta content="https://www.dropbox.com/register" name="twitter:url">,<meta content="Dropbox - Sign in" name="twitter:title">,<meta content="Download Dropbox for free. Join the 400 million users and 4 million businesses who already love Dropbox's file backup, sync, and sharing solution" name="twitter:description">,<meta content="https://cf.dropboxstatic.com/static/images/brand/twitter-card-glyph@2x-vflVqhKLO.png" name="twitter:image">,<meta content="TnuSyOnBMNmtugbpL1ZvW2PbSF9LKvoTzrvOGS9h-b0" name="google-site-verification">,<meta content="EZKIczQcM1-DVUMz8heu1dIhNtxNbLqbaA9-HbOnCQ4" name="google-site-verification">,<meta content="tz8iotmk-pkhui406y41y5bfmfxdwmaa4a-yc0hm6r0fga7s6j0j27qmgqkmc7oovihzghbzhbdjk-uiyrz438nxsjdbj3fggwgl8oq2nf4ko8gi7j4z7t78kegbidl4" name="norton-safeweb-site-verification">,<meta content="https://cf.dropboxstatic.com/static/images/win8_web_tile-vfl8eyKFU.png" name="msapplication-TileImage">,<meta content="#ffffff" name="msapplication-TileColor">
https://www.dropbox.com/login,<meta content="IE=edge, chrome=1" http-equiv="X-UA-Compatible">,<meta content="text/html; charset=UTF-8" http-equiv="content-type">,<meta content="Dropbox keeps your files safe, synced, and easy to share. Bring your photos, docs, and videos anywhere and never lose a file again." name="description">,<meta content="online storage, free storage, file sharing, share files, awesome, cloud storage, online backup, cross platform, sync, sharing, mac, windows, os x, linux, backup, collaboration, file versioning, file revisions, remote access, undelete" name="keywords">,<meta content="https://www.dropbox.com/login" property="og:url">,<meta content="Dropbox" property="og:site_name">,<meta content="website" property="og:type">,<meta content="Dropbox keeps your files safe, synced, and easy to share. Bring your photos, docs, and videos anywhere and never lose a file again." property="og:description">,<meta content="Dropbox - Sign in" property="og:title">,<meta content="210019893730" property="fb:app_id">,<meta content="https://cf.dropboxstatic.com/static/images/brand/glyph@2x-vflJ1vxbq.png" property="og:image">,<meta content="summary" name="twitter:card">,<meta content="@Dropbox" name="twitter:site">,<meta content="https://www.dropbox.com/login" name="twitter:url">,<meta content="Dropbox - Sign in" name="twitter:title">,<meta content="Dropbox keeps your files safe, synced, and easy to share. Bring your photos, docs, and videos anywhere and never lose a file again." name="twitter:description">,<meta content="https://cf.dropboxstatic.com/static/images/brand/twitter-card-glyph@2x-vflVqhKLO.png" name="twitter:image">,<meta content="TnuSyOnBMNmtugbpL1ZvW2PbSF9LKvoTzrvOGS9h-b0" name="google-site-verification">,<meta content="EZKIczQcM1-DVUMz8heu1dIhNtxNbLqbaA9-HbOnCQ4" name="google-site-verification">,<meta content="tz8iotmk-pkhui406y41y5bfmfxdwmaa4a-yc0hm6r0fga7s6j0j27qmgqkmc7oovihzghbzhbdjk-uiyrz438nxsjdbj3fggwgl8oq2nf4ko8gi7j4z7t78kegbidl4" name="norton-safeweb-site-verification">,<meta content="https://cf.dropboxstatic.com/static/images/win8_web_tile-vfl8eyKFU.png" name="msapplication-TileImage">,<meta content="#ffffff" name="msapplication-TileColor">
https://www.dropbox.com/plans,<meta content="IE=edge, chrome=1" http-equiv="X-UA-Compatible">,<meta content="text/html; charset=UTF-8" http-equiv="content-type">,<meta content="Dropbox is a free service that lets you bring your photos, docs, and videos anywhere and share them easily. Never email yourself a file again!" name="description">,<meta content="online storage, free storage, file sharing, share files, awesome, cloud storage, online backup, cross platform, sync, sharing, mac, windows, os x, linux, backup, collaboration, file versioning, file revisions, remote access, undelete" name="keywords">,<meta content="https://www.dropbox.com/pro?oqa=rnro" property="og:url">,<meta content="Dropbox" property="og:site_name">,<meta content="website" property="og:type">,<meta content="Dropbox is a free service that lets you bring your photos, docs, and videos anywhere and share them easily. Never email yourself a file again!" property="og:description">,<meta content="Dropbox - Upgrade to Dropbox Pro" property="og:title">,<meta content="210019893730" property="fb:app_id">,<meta content="https://cf.dropboxstatic.com/static/images/brand/glyph@2x-vflJ1vxbq.png" property="og:image">,<meta content="summary" name="twitter:card">,<meta content="@Dropbox" name="twitter:site">,<meta content="https://www.dropbox.com/pro?oqa=rnro" name="twitter:url">,<meta content="Dropbox - Upgrade to Dropbox Pro" name="twitter:title">,<meta content="Dropbox is a free service that lets you bring your photos, docs, and videos anywhere and share them easily. Never email yourself a file again!" name="twitter:description">,<meta content="https://cf.dropboxstatic.com/static/images/brand/twitter-card-glyph@2x-vflVqhKLO.png" name="twitter:image">,<meta content="TnuSyOnBMNmtugbpL1ZvW2PbSF9LKvoTzrvOGS9h-b0" name="google-site-verification">,<meta content="EZKIczQcM1-DVUMz8heu1dIhNtxNbLqbaA9-HbOnCQ4" name="google-site-verification">,<meta content="tz8iotmk-pkhui406y41y5bfmfxdwmaa4a-yc0hm6r0fga7s6j0j27qmgqkmc7oovihzghbzhbdjk-uiyrz438nxsjdbj3fggwgl8oq2nf4ko8gi7j4z7t78kegbidl4" name="norton-safeweb-site-verification">,<meta content="https://cf.dropboxstatic.com/static/images/win8_web_tile-vfl8eyKFU.png" name="msapplication-TileImage">,<meta content="#ffffff" name="msapplication-TileColor">,<meta content="initial-scale=1" name="viewport">
https://www.dropbox.com/install,<meta content="IE=edge, chrome=1" http-equiv="X-UA-Compatible">,<meta content="text/html; charset=UTF-8" http-equiv="content-type">,<meta content="Download Dropbox for free. Join the 400 million users and 4 million businesses who already love Dropbox's file backup, sync, and sharing solution" name="description">,<meta content="online storage, free storage, file sharing, share files, awesome, cloud storage, online backup, cross platform, sync, sharing, mac, windows, os x, linux, backup, collaboration, file versioning, file revisions, remote access, undelete" name="keywords">,<meta content="https://www.dropbox.com/install" property="og:url">,<meta content="Dropbox" property="og:site_name">,<meta content="website" property="og:type">,<meta content="Download Dropbox for free. Join the 400 million users and 4 million businesses who already love Dropbox's file backup, sync, and sharing solution" property="og:description">,<meta content="Install Dropbox on your Windows PC" property="og:title">,<meta content="210019893730" property="fb:app_id">,<meta content="https://cf.dropboxstatic.com/static/images/brand/glyph@2x-vflJ1vxbq.png" property="og:image">,<meta content="summary" name="twitter:card">,<meta content="@Dropbox" name="twitter:site">,<meta content="https://www.dropbox.com/install" name="twitter:url">,<meta content="Install Dropbox on your Windows PC" name="twitter:title">,<meta content="Download Dropbox for free. Join the 400 million users and 4 million businesses who already love Dropbox's file backup, sync, and sharing solution" name="twitter:description">,<meta content="https://cf.dropboxstatic.com/static/images/brand/twitter-card-glyph@2x-vflVqhKLO.png" name="twitter:image">,<meta content="TnuSyOnBMNmtugbpL1ZvW2PbSF9LKvoTzrvOGS9h-b0" name="google-site-verification">,<meta content="EZKIczQcM1-DVUMz8heu1dIhNtxNbLqbaA9-HbOnCQ4" name="google-site-verification">,<meta content="tz8iotmk-pkhui406y41y5bfmfxdwmaa4a-yc0hm6r0fga7s6j0j27qmgqkmc7oovihzghbzhbdjk-uiyrz438nxsjdbj3fggwgl8oq2nf4ko8gi7j4z7t78kegbidl4" name="norton-safeweb-site-verification">,<meta content="https://cf.dropboxstatic.com/static/images/win8_web_tile-vfl8eyKFU.png" name="msapplication-TileImage">,<meta content="#ffffff" name="msapplication-TileColor">
